,Accuracy,F1,Precision,Recall,Support,Detected_num,Total_Num,True_detected_num,True_Nonconv_num,Wrong_detected_num,Wrong_Nonconv_num, NVAJ_detected,NVAJ_total
Label_1,0.8427121396670727,0.7904816822936942,0.7841949511071725,0.8427121396670727,4105.0,96.0,623.0,36.666666666666664,3422.6666666666665,59.333333333333336,586.3333333333334,35.0,2269.0
Label_10,0.8490458790093381,0.8018530535805848,0.8069082147996364,0.8490458790093381,4105.0,112.66666666666667,623.0,58.0,3427.3333333333335,54.666666666666664,565.0,60.0,2269.0
Label_21,0.847097036134795,0.8064379616959417,0.8045288948067535,0.847097036134795,4105.0,158.66666666666666,623.0,77.0,3400.3333333333335,81.66666666666667,546.0,74.0,2269.0
Label_22,0.8488834754364597,0.8002914910900346,0.806222033613912,0.8488834754364597,4105.0,104.66666666666667,623.0,53.666666666666664,3431.0,51.0,569.3333333333334,52.0,2269.0
Label_5,0.8449045879009338,0.786301151247729,0.7802173152313939,0.8449045879009338,4105.0,57.666666666666664,623.0,22.0,3446.3333333333335,35.666666666666664,601.0,21.5,2269.0
