,Accuracy,F1,Precision,Recall,Support,Detected_num,Total_Num,True_detected_num,True_Nonconv_num,Wrong_detected_num,Wrong_Nonconv_num
Label_1,0.8357287860332927,0.7926258914776448,0.7906929224280256,0.8357287860332927,4105,164,623,56.333333333333336,3374.3333333333335,107.67,566.6666666666666
Label_10,0.8362971985383679,0.7979859842518504,0.7855584472791661,0.8362971985383679,4105,193.66666666666666,623,72.33333333333333,3360.6666666666665,121.33333333333333,550.6666666666666
Label_21,0.845229395,0.8049048961214531,0.8007974040512545,0.845229395,4105,164.33333333333334,623,76,3393.6666666666665,88.33333333333333,547
Label_22,0.846609825,0.8000450911993742,0.7999276971086341,0.846609825,4105,121.33333333333333,623,57.333333333333336,3418,64,565.6666666666666
Label_5,0.8498578968737313,0.791648414,0.8098961286579157,0.8498578968737313,4105,50,623,28.333333333333332,3460.3333333333335,21.666666666666668,594.6666666666666
