,Accuracy,F1,Precision,Recall,Support, NVAJ_detected,NVAJ_total,Detected_num,Total_Num,True_detected_num,True_Nonconv_num,Wrong_detected_num,Wrong_Nonconv_num
Label_1,0.8359073359073359,0.7825635784636914,0.7811337892748768,0.8359073359073359,4144.0,43.0,2304.0,106.66666666666667,662.0,44.333333333333336,3419.6666666666665,62.333333333333336,617.6666666666666
Label_10,0.8379182754182755,0.7922577241967875,0.7907990567261853,0.8379182754182755,4144.0,68.66666666666667,2304.0,149.66666666666666,662.0,70.0,3402.3333333333335,79.66666666666667,592.0
Label_21,0.8419401544401545,0.8006466731050694,0.8022633380659855,0.8419401544401545,4144.0,86.0,2304.0,171.66666666666666,662.0,89.33333333333333,3399.6666666666665,82.33333333333333,572.6666666666666
Label_22,0.8412162162162162,0.7932930823070289,0.7983183064368298,0.8412162162162162,4144.0,65.33333333333333,2304.0,128.66666666666666,662.0,66.33333333333333,3419.6666666666665,62.333333333333336,595.6666666666666
Label_5,0.8357464607464608,0.7813762678459456,0.7782431114065669,0.8357464607464608,4144.0,41.333333333333336,2304.0,103.33333333333333,662.0,42.333333333333336,3421.0,61.0,619.6666666666666
