wordcat,average_frequency_1,average_frequency_2,average_frequency_3,average_frequency_4,average_frequency_5,average_frequency_6,average_frequency_7,average_frequency_8,average_frequency_9,average_frequency_10,average_frequency_11,average_frequency_12,average_frequency_13,average_frequency_14,average_frequency_15,average_frequency_16,average_frequency_17,average_frequency_18,average_frequency_19,average_frequency_20,average_frequency_21,average_frequency_22,average_frequency_23,average_frequency_24,average_frequency_25
N,18.666666666666668,22.333333333333332,28.333333333333332,19.666666666666668,13.333333333333334,17.333333333333332,30.666666666666668,29.0,21.666666666666668,24.0,15.333333333333334,19.333333333333332,12.666666666666666,26.666666666666668,27.0,23.0,30.0,20.0,28.0,31.666666666666668,34.333333333333336,26.666666666666668,31.0,25.666666666666668,23.0
V,7.666666666666667,9.666666666666666,28.0,19.0,7.666666666666667,10.0,37.0,18.666666666666668,15.666666666666666,28.333333333333332,19.666666666666668,17.666666666666668,6.666666666666667,24.0,24.0,14.666666666666666,26.0,10.666666666666666,32.0,30.333333333333332,31.666666666666668,29.333333333333332,44.333333333333336,27.333333333333332,46.666666666666664
AJ,4.333333333333333,5.666666666666667,8.0,8.0,2.0,6.333333333333333,10.0,7.0,7.0,7.333333333333333,5.666666666666667,7.333333333333333,3.6666666666666665,11.0,11.333333333333334,5.666666666666667,9.333333333333334,4.0,12.0,10.0,10.0,12.0,13.0,13.333333333333334,16.666666666666668
AV,4.666666666666667,5.666666666666667,5.666666666666667,5.0,2.3333333333333335,4.666666666666667,7.666666666666667,4.666666666666667,5.0,5.666666666666667,7.333333333333333,5.666666666666667,2.6666666666666665,5.333333333333333,5.0,5.666666666666667,6.333333333333333,6.0,8.0,6.333333333333333,8.333333333333334,6.333333333333333,6.333333333333333,7.0,8.0
PR,0.3333333333333333,0.0,1.6666666666666667,0.6666666666666666,0.0,0.0,3.0,0.0,0.3333333333333333,1.0,2.0,0.0,0.0,1.0,0.0,0.0,0.6666666666666666,0.3333333333333333,1.0,0.3333333333333333,0.3333333333333333,0.6666666666666666,2.3333333333333335,2.0,1.3333333333333333
DT,0.0,0.0,0.6666666666666666,0.0,0.0,0.0,0.0,0.0,0.0,0.0,0.0,0.0,0.0,0.0,0.0,0.3333333333333333,0.6666666666666666,0.0,0.0,0.0,0.0,0.3333333333333333,0.0,0.3333333333333333,1.0
