wordcat,average_frequency_1,average_frequency_2,average_frequency_3,average_frequency_4,average_frequency_5,average_frequency_6,average_frequency_7,average_frequency_8,average_frequency_9,average_frequency_10,average_frequency_11,average_frequency_12,average_frequency_13,average_frequency_14,average_frequency_15,average_frequency_16,average_frequency_17,average_frequency_18,average_frequency_19,average_frequency_20,average_frequency_21,average_frequency_22,average_frequency_23,average_frequency_24,average_frequency_25
V,37.0,43.0,51.0,73.33333333333333,59.666666666666664,45.333333333333336,48.0,69.33333333333333,41.333333333333336,34.666666666666664,52.333333333333336,42.333333333333336,80.0,42.0,42.666666666666664,40.666666666666664,67.33333333333333,69.0,54.666666666666664,68.33333333333333,67.33333333333333,34.0,62.333333333333336,51.666666666666664,76.33333333333333
N,21.0,20.666666666666668,21.666666666666668,35.0,18.0,14.333333333333334,26.666666666666668,24.333333333333332,18.333333333333332,18.666666666666668,22.666666666666668,25.0,21.333333333333332,24.333333333333332,24.333333333333332,21.0,30.666666666666668,32.666666666666664,33.333333333333336,32.333333333333336,36.0,24.333333333333332,27.0,28.666666666666668,20.0
AJ,12.666666666666666,8.0,9.666666666666666,16.0,12.666666666666666,10.666666666666666,15.333333333333334,11.0,9.333333333333334,6.333333333333333,11.666666666666666,11.666666666666666,9.666666666666666,16.333333333333332,13.0,11.0,14.333333333333334,16.0,15.666666666666666,11.666666666666666,15.666666666666666,15.0,17.666666666666668,15.666666666666666,15.0
AV,6.333333333333333,6.333333333333333,8.333333333333334,12.0,5.666666666666667,6.0,9.0,7.333333333333333,7.0,4.0,7.0,7.0,8.333333333333334,7.333333333333333,8.0,6.0,10.666666666666666,13.0,10.333333333333334,10.666666666666666,12.333333333333334,6.0,8.333333333333334,8.0,9.333333333333334
PR,1.6666666666666667,1.0,1.3333333333333333,0.6666666666666666,1.6666666666666667,0.0,6.333333333333333,3.0,1.3333333333333333,2.0,1.3333333333333333,1.3333333333333333,3.6666666666666665,0.0,1.0,0.3333333333333333,1.3333333333333333,1.6666666666666667,2.6666666666666665,1.6666666666666667,1.6666666666666667,2.0,1.6666666666666667,1.3333333333333333,2.3333333333333335
DT,0.6666666666666666,0.0,0.0,0.0,0.0,0.0,1.0,0.3333333333333333,0.0,0.0,0.0,0.0,0.0,0.0,0.0,0.0,0.3333333333333333,0.0,0.6666666666666666,0.6666666666666666,1.0,0.3333333333333333,0.0,0.0,0.0
