Label_Column,Accuracy,F1,Precision,Recall,Support
label_10,0.871264367816092,0.308641975308642,0.6756756756756757,0.2,125.0
label_22,0.8701149425287357,0.3233532934131737,0.6428571428571429,0.216,125.0
label_5,0.8540229885057471,0.059259259259259255,0.4,0.032,125.0
label_21,0.8758620689655172,0.3076923076923077,0.7741935483870968,0.192,125.0
label_1,0.8597701149425288,0.11594202898550723,0.6153846153846154,0.064,125.0
