,Accuracy,F1,Precision,Recall,Support,Detected_num,Total_Num,True_detected_num,True_Nonconv_num,Wrong_detected_num,Wrong_Nonconv_num
Label_10,0.8724137931034482,0.8345636987331981,0.8603105711089042,0.8724137931034482,870.0,26,125,20,739,6,105
Label_22,0.867816091954023,0.8243072820956293,0.853262339418526,0.867816091954023,870.0,20,125,15,740,5,110
Label_5,0.8551724137931035,0.7977162326812282,0.7998362413837603,0.8551724137931035,870.0,9,125,4,740,5,121
Label_21,0.8701149425287357,0.8258727719570247,0.8654956559279046,0.8701149425287357,870.0,18,125,15,742,3,110
Label_1,0.8597701149425288,0.8059805270461439,0.8301212924070296,0.8597701149425288,870.0,11,125,7,741,4,118
