,Accuracy,F1,Precision,Recall,Support, NVAJ_detected,NVAJ_total,Detected_num,Total_Num,True_detected_num,True_Nonconv_num,Wrong_detected_num,Wrong_Nonconv_num
Label_10,0.840492277992278,0.7949100789688519,0.7969184472592651,0.840492277992278,4144.0,72,2304,145,662,73,3410,72,589
Label_22,0.8397683397683398,0.7938261513034517,0.7948690342127842,0.8397683397683398,4144.0,70,2304,144,662,71,3409,73,591
Label_21,0.8412162162162162,0.8009078560301521,0.8010773008124168,0.8412162162162162,4144.0,89,2304,180,662,92,3394,88,570
Label_5,0.8315637065637066,0.7888049901353287,0.7790879985506626,0.8315637065637066,4144.0,71,2304,180,662,72,3374,108,590
Label_1,0.8318050193050193,0.7840604429844166,0.7737141739831256,0.8318050193050193,4144.0,55,2304,147,662,56,3391,91,606
