Label_Column,Accuracy,F1,Precision,Recall,Support
label_10,0.8724137931034482,0.9301447451227187,0.8755924170616114,0.9919463087248322,745.0
label_22,0.867816091954023,0.9278996865203762,0.8705882352941177,0.9932885906040269,745.0
label_5,0.8551724137931035,0.9215442092154421,0.859465737514518,0.9932885906040269,745.0
label_21,0.8701149425287357,0.9292423293675641,0.8708920187793427,0.9959731543624161,745.0
label_1,0.8597701149425288,0.9239401496259351,0.8626309662398137,0.9946308724832215,745.0
