Label_Column,Accuracy,F1,Precision,Recall,Support
label_10,0.8770114942528736,0.9325771896660365,0.8788598574821853,0.9932885906040269,745.0
label_22,0.8689655172413793,0.9275730622617534,0.8805790108564535,0.9798657718120806,745.0
label_5,0.8551724137931035,0.9214463840399002,0.860302677532014,0.9919463087248322,745.0
label_21,0.8816091954022989,0.9350157728706624,0.8821428571428571,0.9946308724832215,745.0
label_1,0.8563218390804598,0.9220212102308172,0.8613053613053613,0.9919463087248322,745.0
