Label_Column,Accuracy,F1,Precision,Recall,Support
label_10,0.8735632183908045,0.9305820053013637,0.8781347517787047,0.9897091722595078,745.0
label_22,0.8689655172413793,0.9278784983755647,0.877603252742622,0.9843400447427294,745.0
label_5,0.8547892720306512,0.9212876224662149,0.8596902468759757,0.9923937360178972,745.0
label_21,0.8758620689655173,0.9320254280188028,0.877551156495322,0.9937360178970917,745.0
label_1,0.8586206896551726,0.9232688511216224,0.8624711912509587,0.9932885906040269,745.0
