,Accuracy,F1,Precision,Recall,Support, NVAJ_detected,NVAJ_total,Detected_num,Total_Num,True_detected_num,True_Nonconv_num,Wrong_detected_num,Wrong_Nonconv_num
Label_22,0.8518879415347138,0.8016201153437913,0.8163032401453868,0.8518879415347138,4105.0,51,2269,89,623,52,3445,37,571
Label_5,0.8465286236297198,0.7895985673407302,0.7908217606055352,0.8465286236297198,4105.0,27,2269,63,623,28,3447,35,595
Label_1,0.8397076735688185,0.7923671545633216,0.7806455270348736,0.8397076735688185,4105.0,44,2269,129,623,47,3400,82,576
Label_10,0.8492082825822168,0.802272411470654,0.8069088109528145,0.8492082825822168,4105.0,59,2269,114,623,59,3427,55,564
Label_21,0.8470158343483557,0.8043205706891448,0.8030474131036943,0.8470158343483557,4105.0,68,2269,145,623,70,3407,75,553
